detector,procedure,alarms,false_alarms,fdp,power_per_test
PH,uncorrected,45.0,6.666666666666667,0.14721228384019083,0.05727770954640326
PH,bonferroni,5.666666666666667,0.0,0.0,0.005998046860086924
PH,bh_window,21.666666666666668,0.0,0.0,0.026410404265159004
MeanShift(1),uncorrected,45.0,0.0,0.0,0.12138866049366644
MeanShift(1),bonferroni,19.0,0.0,0.0,0.02381690614089559
MeanShift(1),bh_window,41.666666666666664,0.0,0.0,0.09918559657279018
MeanShift(2),uncorrected,48.333333333333336,3.0,0.06179138321995465,0.09427679879153571
MeanShift(2),bonferroni,30.0,0.0,0.0,0.03953132008179853
MeanShift(2),bh_window,42.666666666666664,1.6666666666666667,0.03948458948458949,0.08210010329236901
